Title;;;;
Difference between scaling horizontally and vertically for databases [closed];;;;
When to use CouchDB over MongoDB and vice versa;;;;
"How do you query for ""is not null"" in Mongo?";;;;
When to Redis? When to MongoDB? [closed];;;;
Explanation of JSONB introduced by PostgreSQL;;;;
Add new field to every document in a MongoDB collection;;;;
Difference between CouchDB and Couchbase;;;;
NoSQL (MongoDB) vs Lucene (or Solr) as your database [closed];;;;
NoSQL Use Case Scenarios or WHEN to use NoSQL [closed];;;;
What is Hash and Range Primary Key?;;;;
CAP theorem - Availability and Partition Tolerance;;;;
Is there a query language for JSON?;;;;
What did MongoDB not being ACID compliant before v4 really mean?;;;;
When NOT to use Cassandra? [closed];;;;
How can I run MongoDB as a Windows service?;;;;
Amazon SimpleDB vs Amazon DynamoDB;;;;
Explanation of BASE terminology;;;;
Possibility of duplicate Mongo ObjectId's being generated in two different collections?;;;;
Storing time-series data, relational or non?;;;;
What is BSON and exactly how is it different from JSON?;;;;
What scalability problems have you encountered using a NoSQL data store? [closed];;;;
DynamoDB vs MongoDB NoSQL [closed];;;;
How to empty a redis database?;;;;
MongoDB: How to update multiple documents with a single command?;;;;
Is there any NoSQL data store that is ACID compliant?;;;;
What is NoSQL, how does it work, and what benefits does it provide? [closed];;;;
Eventual consistency in plain English;;;;
MongoDB/NoSQL: Keeping Document Change History;;;;
NoSql vs Relational database;;;;
When should I use a NoSQL database instead of a relational database? Is it okay to use both on the same site?;;;;
NoSQL - MongoDB vs CouchDB [closed];;;;
Where does mongodb stand in the CAP theorem?;;;;
Is mongodb running?;;;;
Use cases for NoSQL [closed];;;;
Difference between HBase and Hadoop/HDFS;;;;
"What does ""Document-oriented"" vs. Key-Value mean when talking about MongoDB vs Cassandra?";;;;
Good reasons NOT to use a relational database?;;;;
How do you track record relations in NoSQL?;;;;
What is an SSTable?;;;;
What is the recommended way to delete a large number of items from DynamoDB?;;;;
SQL (MySQL) vs NoSQL (CouchDB) [closed];;;;
Querying DynamoDB by date;;;;
What does Redis do when it runs out of memory?;;;;
What's the best way of structuring data on firebase?;;;;
Foreign keys in mongo?;;;;
Non-Relational Database Design [closed];;;;
How Can I Browse/View The Values Stored in Redis [closed];;;;
Cassandra port usage - how are the ports used?;;;;
MongoDB dot (.) in key name;;;;
How does column-oriented NoSQL differ from document-oriented?;;;;
NoSql Crash Course/Tutorial [closed];;;;
Delete all nodes and relationships in neo4j 1.8;;;;
MongoDB with redis;;;;
How to Add a Column in DynamoDB;;;;
Best data store for billions of rows;;;;
SQL versus noSQL (speed);;;;
Large scale data processing Hbase vs Cassandra [closed];;;;
Differences between OT and CRDT;;;;
Can I do transactions and locks in CouchDB?;;;;
Transactions in NoSQL?;;;;
Explain Merkle Trees for use in Eventual Consistency;;;;
Pros/cons of document-based databases vs. relational databases;;;;
What type of NoSQL database is best suited to store hierarchical data?;;;;
When shouldn't you use a relational database? [closed];;;;
Query with match by multiple fields;;;;
Retrieving/Listing all key/value pairs in a Redis db;;;;
Why many refer to Cassandra as a Column oriented database?;;;;
Update field in exact element array in MongoDB;;;;
How reliable is ElasticSearch as a primary datastore against factors like write loss, data availability;;;;
Practical example for each type of database (real cases) [closed];;;;
MongoDB normalization, foreign key and joining;;;;
Azure Table Vs MongoDB on Azure;;;;
How to find a substring in a field in Mongodb;;;;
What's the difference between insert(), insertOne(), and insertMany() method?;;;;
NoSQL for mobile apps? [closed];;;;
Mongodb: Failed to connect to 127.0.0.1:27017, reason: errno:10061;;;;
Why are document stores like Lucene / Solr not included in NoSQL conversations?;;;;
Firestore Getting documents id from collection;;;;
What's The Best Practice In Designing A Cassandra Data Model? [closed];;;;
How to stop insertion of Duplicate documents in a mongodb collection;;;;
3 fields composite primary key (unique item) in Dynamodb;;;;
anybody tried neo4j vs titan - pros and cons [closed];;;;
MongoDB vs. Cassandra vs. MySQL for real-time advertising platform;;;;
Switching from MySQL to Cassandra - Pros/Cons?;;;;
Firebase data structure and url;;;;
Storing null vs not storing the key at all in MongoDB;;;;
Is using a load balancer with ElasticSearch unnecessary?;;;;
Life without JOINs... understanding, and common practices;;;;
How to get Schema of mongoose database which defined in another model;;;;
How to get all rows in Azure table Storage in C#?;;;;
Command like SQL LIMIT in HBase;;;;
Query condition missed key schema element : Validation Error;;;;
How do you query DynamoDB?;;;;
The Next-gen Databases [closed];;;;
"Why NoSQL is better at ""scaling out"" than RDBMS?";;;;
NoSQL best practices [closed];;;;
Has anyone worked with Aerospike? How does it compare to MongoDB? [closed];;;;
How to sum the value of a key across all documents in a MongoDB collection;;;;
Using S3 as a database vs. database (e.g. MongoDB);;;;
Equivalent of ERD for MongoDB?;;;;
Migrate mongodb database from localhost to remote servers;;;;
How does Leveldb compare with Redis or Riak or Tokyo Tyrant? [closed];;;;
MongoDB nested array query;;;;
Modeling Tool for NOSQL Databases [closed];;;;
Create Superuser in mongo;;;;
So... this NoSQL thing;;;;
Reasons for and against moving from SQL server to MongoDB [closed];;;;
Join operation with NOSQL;;;;
Namespaces in Redis?;;;;
What are the differences between a node, a cluster and a datacenter in a cassandra nosql database?;;;;
Fast or Bulk Upsert in pymongo;;;;
Is there any nosql flat file database just as sqlite? [closed];;;;
Why isn't RDBMS Partition Tolerant in CAP Theorem and why is it Available?;;;;
Any detailed and specific reasons for Why MongoDB is much faster than SQL DBs?;;;;
What does 'soft-state' in BASE mean?;;;;
Scan with filter using HBase shell;;;;
Sorted String Table (SSTable) or B+ Tree for a Database Index?;;;;
Is there something like Redis DB, but not limited with RAM size? [closed];;;;
Choosing MongoDb/CouchDb/RavenDb - performance and scalability advice [closed];;;;
MySQL and NoSQL: Help me to choose the right one;;;;
What exactly is NoSQL?;;;;
What's the attraction of schemaless database systems?;;;;
Redis, CouchDB or Cassandra? [closed];;;;
MongoDB mongoose Deprecation Warning;;;;
Why HBase is a better choice than Cassandra with Hadoop?;;;;
MongoDB: Terrible MapReduce Performance;;;;
Can relational database scale horizontally;;;;
How does Voldemort compare to Cassandra?;;;;
Querying internal array size in MongoDB;;;;
MongoDB vs. Redis vs. Cassandra for a fast-write, temporary row storage solution;;;;
Cassandra frozen keyword meaning;;;;
How to choose which type of NoSQL to use [closed];;;;
NoSql and Data-Warehouse;;;;
What are the pros and cons of DynamoDB with respect to other NoSQL databases?;;;;
MongoDB: match non-empty doc in array;;;;
How to write denormalized data in Firebase;;;;
Proper way to import json file to mongo;;;;
Real alternatives to Windows Azure PaaS (web role)? [closed];;;;
Comparison : Aerospike vs Cassandra [closed];;;;
How to load 100 million records into MongoDB with Scala for performance testing?;;;;
Is MongoDB reliable? [closed];;;;
How to choose between Cassandra, Membase, Hadoop, MongoDB, RDBMS etc.? [closed];;;;
NoSQL and spatial data;;;;
Mongodb vs Postgres in Nodejs [closed];;;;
Scan HTable rows for specific column value using HBase shell;;;;
Use more than one schema per collection on mongodb;;;;
PHP-friendly NoSQL solutions [closed];;;;
Sorting on Multiple fields mongo DB;;;;
Many to Many relationship in Firebase;;;;
MongoDB database encryption;;;;
What's the Cypher script to delete a node by ID?;;;;
How can I access Amazon DynamoDB via Python?;;;;
MongoDB: How to represent a schema diagram in a thesis?;;;;
How can I resize a mongodb capped collection without losing data?;;;;
How to update multiple items in a DynamoDB table at once;;;;
MongoDB + Elasticsearch or only Elasticsearch?;;;;
How to do basic aggregation with DynamoDB?;;;;
How to search over huge non-text based data sets?;;;;
Mongoose, CastError: Cast to Array failed for value when trying to save a model that contains a model;;;;
How to know which storage engine is used in mongodb?;;;;
NoSQL: Getting the latest values from tables DynamoDB/Azure Table Storage;;;;
Cassandra - transaction support;;;;
Is an ORM redundant with a NoSQL API?;;;;
Are there any REAL advantages to NoSQL over RDBMS for structured data on one machine?;;;;
CouchDB sorting and filtering in the same view;;;;
Database EAV Pros/Cons and Alternatives;;;;
Do NoSQL databases use or need indexes?;;;;
File Storage for Web Applications: Filesystem vs DB vs NoSQL engines;;;;
Should I use redis to store a large number of binary files? [closed];;;;
Mongoose populate embedded;;;;
Redis,distributed or not?;;;;
Does MongoDB support floating point types?;;;;
"Why don't you start off with a ""single & small"" Cassandra server as you usually do it with MySQL?";;;;
MongoDB: How to get distinct list of sub-document field values?;;;;
Graph DBs vs. Document DBs vs. Triplestores;;;;
What .NET-compatible graph database solution(s) have a proven track record?;;;;
WHERE clause on an array in Azure DocumentDb;;;;
What does it mean that Azure Cosmos DB is multi-model?;;;;
Am I missing something about Document Databases?;;;;
Using a Filesystem (Not a Database!) for Schemaless Data - Best Practices;;;;
A timeout occured after 30000ms selecting a server using CompositeServerSelector;;;;
NoSQL Solution for Persisting Graphs at Scale;;;;
DynamoDB query on boolean key;;;;
Saving numpy array in mongodb;;;;
What's the difference between NoSQL and a Column-Oriented database?;;;;
Neo4j - How to delete unused property keys from browser?;;;;
Working with nested single queries in Firestore;;;;
Redis-cli - Selecting which instance?;;;;
MongoDB and PostgreSQL thoughts;;;;
How to make a UUID in DynamoDB?;;;;
Query on Mongoid Hash Field;;;;
What does being schema-less mean for a NoSQL Database?;;;;
Understanding mongo db explain;;;;
Database for super-fast querying [closed];;;;
How to load initial data in MongoDB?;;;;
Recommended NoSQL Database for use with Python [closed];;;;
Best solution for finding 1 x 1 million set intersection? Redis, Mongo, other;;;;
Redis as Hibernate second level cache;;;;
Apache Cassandra vs Datastax Cassandra [closed];;;;
DynamoDb table design: Single table or multiple tables;;;;
Filtering embedded documents in MongoDB;;;;
How to make a query date in mongodb using pymongo?;;;;
How to decide which NoSQL technology to use? [closed];;;;
Column-family concept and data model;;;;
Does it make sense to use the repository pattern with a document database?;;;;
inheritance in document database?;;;;
SQL Server vs. NoSQL;;;;
"How use sql ""like"" in PyMongo?";;;;
Using MongoDB vs MySQL with lots of JSON fields?;;;;
What are the best uses of document stores?;;;;
Use Entity framework code first with nosql database;;;;
Firebase warning: Using an unspecified index;;;;
Are there any tools for schema migration for NoSQL databases? [closed];;;;
When to replace RDBMS/ORM with NoSQL [closed];;;;
Comparing MongoDB and RethinkDB Bulk Insert Performance;;;;
Choosing a distributed shared memory solution;;;;
$or statement in $elemMatch;;;;
Full-text search in NoSQL databases [closed];;;;
Does Cassandra support sharding?;;;;
What makes Cassandra (and NoSQL in general) a better solution to an RDBMS?;;;;
Basics of MongoDB Scripts - How to;;;;
Why exactly do we use NoSQL? [closed];;;;
How do I query AWS DynamoDB in python?;;;;
way to update multiple documents with different values;;;;
Price aside, why ever choose Google Cloud Bigtable over Google Cloud Datastore?;;;;
Is it OK to query a MongoDB multiple times per request?;;;;
What is the difference between Membase and Couchbase?;;;;
"What are some ""mental steps"" a developer must take to begin moving from SQL to NO-SQL (CouchDB, FathomDB, MongoDB, etc)?";;;;
what's the difference between NoSql DB and OO Db?;;;;
Looking for a disk-based redis-like database [closed];;;;
NoSQL vs. SQL when scalability is irrelevant;;;;
How to concatenate arrays from multiple documents in MongoDB?;;;;
Which embedded DB written in Java for a simple key/value store? [closed];;;;
Import a data base file.json into robo3T (robomongo);;;;
Redis | redis-cli INFO / avg_ttl value;;;;
MongoDb - Utilizing multi CPU server for a write heavy application;;;;
What is the killer reason for using Mongoose ORM?;;;;
What is the difference between a Graph Database and a Network Database?;;;;
Would MongoDB be a good idea for a social network site (developed in Ruby on Rails)?;;;;
Using a Relational Database for Schemaless Data - Best Practices;;;;
Simulating relations in MongoDB;;;;
Many-to-many relationship with NoSQL database;;;;
Design Redis database table like SQL?;;;;
Is Cassandra a column oriented or columnar database;;;;
Mongoid not in query;;;;
Why is there no **not equal** comparison in DynamoDB queries?;;;;
Cassandra file structure - how are the files used?;;;;
Any Persistent NoSQL datastore for Flutter?;;;;
How to implement pagination when using amazon Dynamo DB in rails;;;;
Embedded non-relational (nosql) data store [closed];;;;
Cassandra or MySQL/PostgreSQL?;;;;
Case Insensitive search with $in;;;;
Is Cassandra good for storing files?;;;;
Mongo DB Design, embedding vs relationships;;;;
Multiple use of the positional `$` operator to update nested arrays;;;;
NOSQL denormalization datamodel;;;;
Confused about Spring-Data DDD repository pattern;;;;
HBase standalone failed to connect (fail to create table);;;;
MongoDB - too much data for sort() with no index error;;;;
Elasticsearch and NoSql database [duplicate];;;;
Best Model for Representing Many to Many relationships with attributes in MongoDB;;;;
Examples for DynamoDB Materialized Graph Pattern;;;;
How to match by 'undefined' value in MongoDB Aggregation Framework?;;;;
How do I update a property with the current date in a Mongoose schema on every save?;;;;
How to add new column family to an existing HBase table?;;;;
How to enforce foreign keys in NoSql databases (MongoDB)?;;;;
Using MongoDB and Neo4j together;;;;
"Changing ""schema"" in RavenDB";;;;
mongodb connection timed out error;;;;
"""IN"" statement in dynamodb";;;;
java embedded library on-disk key-value database [closed];;;;
'schema' design for a social network;;;;
Proper NoSQL data schema for web photo gallery;;;;
Mongo Schema-less Collections & C#;;;;
Data Mining in a Django/Postgres application;;;;
How would you get the last 10 keys redis?;;;;
.NET, JSON, Embedded, Free Commercial-Use data management solution? What to do? [closed];;;;
With the recent prevelance of NoSQL databases why would I use a SQL database?;;;;
Unique IDs with mongodb;;;;
Why are key value pair noSQL db's faster than traditional relational DBs;;;;
Clustering Keys in Cassandra;;;;
How to create and insert a JSON object using MySQL queries?;;;;
How to query nested objects in firestore [duplicate];;;;
Finding all records containing a given subfield in mongodb;;;;
Transaction support in MongoDB;;;;
NoSQL / RDBMS hybrid with referential integrity (delete cascade)?;;;;
Cassandra column key auto increment;;;;
Can redis fully replace mysql?;;;;
How to Model Real-World Relationships in a Graph Database (like Neo4j)?;;;;
"NoSQL: What does it mean for MongoDB or BigTable to not always be ""Available""";;;;
Anyone using HyperDex in production?;;;;
Database replication on Raspberry Pi mesh network;;;;
Middleware for MongoDB or CouchDB with jQuery Ajax/JSON frontend;;;;
Hector vs Astyanax for Cassandra [closed];;;;
timed out after 30000 ms while waiting for a server that matches WritableServerSelector;;;;
MAX(), DISTINCT and group by in Cassandra;;;;
neo4j: one-directional / two-directional relationships?;;;;
What is CAS in NoSQL and how to use it?;;;;
NoSQL and eventual consistency - real world examples [closed];;;;
Is SimpleDB similar to MongoDB? Are they both key/value type databases?;;;;
"How to return the ObjectId or _id of an document in MongoDB? and error ""$in needs an array""";;;;
Mongodb: sort documents by array objects;;;;
Dealing with lots of data in Firebase for a recommender system;;;;
Disadvantages of CouchDB;;;;
MongoDB replica set with simple password authentication;;;;
Most efficient way to store nested categories (or hierarchical data) in Mongo?;;;;
What should be the considerations for choosing SQL/NoSQL? [closed];;;;
DynamoDB: How to store a list of items;;;;
How to model Student/Classes with DynamoDB (NoSQL);;;;
Clojure and NoSQL databases [closed];;;;
NoSql Referential Data;;;;
MongoDB embedded vs array sub document performance;;;;
MongoDB client throws a FileNotFoundException in mscorlib;;;;
How to do inner joining in MongoDB?;;;;
commitLog and SSTables in Cassandra database;;;;
ElasticSearch returning only documents with distinct value;;;;
Riak on Windows;;;;
Downsides of storing binary data in Riak?;;;;
Querying with Redis?;;;;
How does Meteor receive updates to the results of a MongoDB query?;;;;
How to handle changes in duplicated data in NoSQL;;;;
Modeling friend of friend relationships in MongoDB;;;;
"""Could not find transactional storage type"" error with embedded RavenDB";;;;
Lightweight database (SQL or NoSQL);;;;
Getting values out of DynamoDB;;;;
Cassandra time series data;;;;
Graph-structured databases and Php;;;;
Why are RDBMS considered Available (CA) for CAP Theorem;;;;
Need advice on MongoDB Schema for Chat App. Embedded vs Related Documents;;;;
Is PostgreSQL a NoSQL database? [closed];;;;
Why NoSQL say traditional RDBMS is not good at scalable [closed];;;;
Difference between Hadoop and Nosql [closed];;;;
Riak performance - unexpected results;;;;
Implementing a database -- How to get started;;;;
How can i change the name of databases in redis?;;;;
Which NoSQL DB is best fitted for OLTP financial systems?;;;;
Storing images in NoSQL stores;;;;
Mongodb only insert if value is unique, else update - in node.js;;;;
Has anyone used an object database with a large amount of data?;;;;
Neo4j and ORM (Hibernate);;;;
PouchDB structure;;;;
CQRS Data store approach Nosql Or Sql Server;;;;
How do I set the maximum memory size that Redis can use?;;;;
mongoDB vs mySQL -- why one is better than another in some aspects [closed];;;;
mongodb index strategy for range query with different fields;;;;
Looking for a lightweight java-compatible in-memory key-value store [closed];;;;
Most Efficient One-To-Many Relationships in Google App Engine Datastore?;;;;
Which of CouchDB or MongoDB suits my needs?;;;;
Querying CouchDB documents between a start date and an end date;;;;
How to cascade delete document in mongodb?;;;;
Querying nested attributes in Amazon DynamoDB;;;;
Which CouchDB API to use for Rails?;;;;
How can I calculate database design storage costs?;;;;
Alternatives to traditional relational databases for activity streams;;;;
How can graph databases scale horizontally, if at all?;;;;
What are good NoSQL and non-relational database solutions for audit/logging database;;;;
Do graph databases deprecate relational databases?;;;;
Handling optional/empty data in MongoDB;;;;
Unique value in redis list/set;;;;
how Cassandra chooses the coordinator node and the replication nodes?;;;;
Best DataMining Database;;;;
How to integrate Redis with SQLAlchemy;;;;
Why is DynamoDB LastEvaluatedKey depends on the limit of the query?;;;;
Do I absolutely need a minimum of 3 nodes/servers for a Cassandra cluster or will 2 suffice?;;;;
Representing a DAG (directed acyclic graph);;;;
HBase cassandra couchdb mongodb..any fundamental difference?;;;;
SQL vs NoSQL: what about other issues than ACID and scalibility?;;;;
Lucene as data store;;;;
List of Python Object Databases [closed];;;;
NoSQL database for storing big files? [closed];;;;
redis: Handling failover?;;;;
Django with NoSQL database;;;;
Embeddable document store database [closed];;;;
Is there an Azure database equivalent to Firebase clients being able to listen for database changes?;;;;
What are the alternative ways to model M:M relations in Cassandra?;;;;
Firebase vs MySQL database (hierarchical/relational);;;;
How to denormalize/normalize data structure for firebase realtime database?;;;;
Solution to Bulk FindAndModify in MongoDB;;;;
What is the best way to store single non-repeating data to a database?;;;;
Any Open Source software using Orient DB database? Have you any experiences with that database? [closed];;;;
MongoDB / NOSQL: Best approach to handling read/unread status on messages;;;;
Best XML Based Database [closed];;;;
Storing very large documents in MongoDB;;;;
Need a complete example for DynamoDB with php;;;;
Example of a task that a NoSQL database can't handle (if any);;;;
mongodb not using indexes when sorting?;;;;
How to return only value of a field in mongodb;;;;
Microsoft Cosmos DB (DocumentDB API) vs. Cosmos DB (Table API);;;;
Can't connect to MongoDB through PHP;;;;
How do you clone ( duplicate ) a MongoDB object in a collection of the same db?;;;;
mongo $unwind and $group;;;;
RavenDB ASP.NET session provider?;;;;
Is creating multiple PouchDB databases on the same application considered bad design?;;;;
Which, if any, of the NoSQL databases can provide stream of *changes* to a query result set?;;;;
"How to implement ""trigger"" for redis datastore?";;;;
Mongoose: populate() / DBref or data duplication?;;;;
Update many documents in mongoDB with different values;;;;
Changing schemas in mongoDB/mongoose;;;;
How to translate from SQL to NoSQL/MapReduce?;;;;
NoSQL Database for ECommerce;;;;
How to get the exact number of keys in leveldb fast?;;;;
What is the difference between Orientdb editions?;;;;
Recommend a good db4o viewer [closed];;;;
How is it possible to build database index on top of key/value store?;;;;
Mixing PostgreSQL and MongoDB (as Django backends);;;;
Cassandra Vs Amazon SimpleDB;;;;
I need an advice about NoSQL/MongoDb and data/models structure;;;;
MongoDB C# Driver and Thread Safety;;;;
How can you load initial data in MongoDB through Spring Boot?;;;;
many to many relationship with nosql (mongodb and mongoose);;;;
Cassandra - WHERE clause with non primary key disadvantages;;;;
How to store 800 billion GPS markers in database [closed];;;;
When NOT to use NoSQL?;;;;
Firestore schema versioning and backward compatibility with android app to prevent crashes;;;;
Strategy for Modeling RBAC with NoSQL Document Store;;;;
In MongoDB, strategy for maximizing performance of writes to daily log documents;;;;
Geo program design suggestions using Redis [closed];;;;
How to configure cassandra for remote connection;;;;
Cassandra CQL - NoSQL or SQL;;;;
What nosql means? can someone explain it to me in simple words?;;;;
Is nosql Database good for Online Money Transaction management;;;;
Simple way to delete a relationship by ID in Neo4j Cypher?;;;;
How to get tombstone count for a cql query?;;;;
HBase Error - assignment of -ROOT- failure;;;;
Why nosql with cassandra instead of mysql?;;;;
Move MongoDB data from Staging server to Production;;;;
MongoEngine: storing EmbeddedDocument in DictField;;;;
NoSQL Injection? (PHP->phpcassa->Cassandra);;;;
RavenDB: Id Generation For Sub-Documents;;;;
MongoDB join data inside an array of objects;;;;
MongoDB: How to set another field (different from _id) as ID of mongo document?;;;;
CouchDB create database per document type?;;;;
com.mongodb.MongoTimeoutException: Timed out after 10000 ms while waiting to connect;;;;
How to store tree data in a Lucene/Solr/Elasticsearch index or a NoSQL db?;;;;
Tree structures in a nosql database;;;;
Django and NoSQL, any ready-to-use library? [closed];;;;
Is it possible to construct complex queries against noSQL DB;;;;
Meaning of eventual consistency in Cassandra?;;;;
Structure a NoSQL database for a chat application (using FireBase);;;;
Retrieve distinct values from the hash key - DynamoDB;;;;
"Rails Mongoid fails to authenticate - failed with error 13: ""not authorized for query on my_db.my_collection""";;;;
Retrieving many rows using a TableBatchOperation is not supported?;;;;
"CouchDB ""Join"" two documents";;;;
Node.JS with NoSQL or SQL? [closed];;;;
Understanding MongoDB (and NoSQL in general) and how to make the best use of it;;;;
Android + NoSQL;;;;
MongoDB Schema Design - Real-time Chat;;;;
MongoDB and Entity Framework Core 2.0;;;;
Low-latency Key-Value Store for SSD;;;;
What can an RDBMS do that Neo4j (and graph databases) cant?;;;;
Database specialized in binary data storage;;;;
Push value to Array if key does not exist Mongoose [duplicate];;;;
After Mongodump, calling MongoRestore hangs;;;;
HBase row key design for monotonically increasing keys;;;;
C# and NoSql databases [closed];;;;
how do i add a value to the top of an array in mongodb?;;;;
Many-to-many relationship in NoSQL;;;;
Are there any JDBC implementations for NoSql databases? [closed];;;;
Find and Replace Strings in Documents Efficiently;;;;
What is the best way to check if table exists in DynamoDB?;;;;
AWS DynamoDB - combining multiple query filters on a single non-key attribute in java;;;;
moving a shard from one bigcouch server to another (for balancing);;;;
Would relational databases scale as well (or better) than their NoSQL counterparts if we drop the relationships?;;;;
Is a document/NoSQL database a good candidate for storing a balance sheet?;;;;
Firestore multiple range query;;;;
What NoSQL DB to use for sparse Time Series like data?;;;;
NoSql/Raven DB implementation best practices;;;;
Aerospike: how do I get record key?;;;;
what exactly is a map dimension in a multi-dimensional map?;;;;
NoSQL or Ehcache caching?;;;;
key-value store suggestion;;;;
Can I use NoSQL database in WordPress? [closed];;;;
Flat file NoSQL solution [closed];;;;
NoSQL FREE alternative (alternative to ravendb) for C# development [closed];;;;
how UPDATE rows in cassandra using only Partition Key?;;;;
Understanding results of mongostat;;;;
SQL vs NOSQL: Which to use for this schema?;;;;
How can we ensure Data integrity in mongoDb?;;;;
MongoDB: How to merge two collections/databases together into one?;;;;
What to use for session management?;;;;
Cassandra denormalization datamodel;;;;
Mongo DB - sub-collections?;;;;
How to implement user defined fields and grouping for the multi-tenant application: EAV, fixed tables pattern, NoSQL;;;;
NoSQL abstraction layer for Python;;;;
Does using Projection Expressinos in querying DynamoDB reduce the read capacity unit comsumption?;;;;
Embedded document database for Node.js [closed];;;;
Updating part of a Document in Azure DocumentDB;;;;
What is the best practice of firestore data structure?;;;;
Filtering / Querying by the Contents of a List in DynamoDB;;;;
How to create unique keys in KeystoneJS;;;;
insert row on keyspace in Apache Cassandra + Hector + Java;;;;
AWS Athena partition fetch all paths;;;;
MongoDb vs Cassandra:Read/Write myths?;;;;
Are there NOSQL data layer design patterns? [closed];;;;
How to maintain denormalized consistency in NoSQL?;;;;
Help me understand mnesia (NoSQL) modeling;;;;
How to implement Object Databases in Asp.net MVC;;;;
"How would a ""NOSQL"" database be designed for consumer apps (e.g. social bookmarking) [closed]";;;;
Using a NoSQL database over MySQL [closed];;;;
Read a file from a mongo shell;;;;
How to handle many to many in DynamoDB;;;;
High Performance DB for Fast Read and Fast Write. No Update or Delete [closed];;;;
ElasticSearch vs. ElasticSearch+Cassandra;;;;
Does Google BigQuery/ Amazon Redshift use column-based relational database or NoSQL database?;;;;
Multiple instances of a levelDB database at the same time;;;;
how to query from realm database with distinct results java;;;;
Is there a reliable (single server) MongoDB alternative?;;;;
mongodb best practice: nesting;;;;
SQL and NoSQL Analogy for the Non-Technical [closed];;;;
Too many open files while ensure index mongo;;;;
Is there any stable nosql database for iOS except for Couchbase?;;;;
Can i delete default MongoDB Index?;;;;
Any Validity to the NoSQL movement?;;;;
NoSQL Database for Banking System [closed];;;;
Store enum as integer in RavenDB;;;;
Neo4j and big log files;;;;
CAP with distributed System;;;;
Redis availability and CAP theorem;;;;
Modelling a Chat like Application in Firebase;;;;
How suitable is opting for RethinkDB instead of traditional SQL for a JSON API? [closed];;;;
Dynamodb: query using more than two attributes;;;;
Which NoSQL db to use with C? [closed];;;;
Row Inserts having same primary key, are replacing previous writes in Cassandra;;;;
Advice on mixing MongoDB w/ MySQL for a web application;;;;
Are RDBMS that bad as described in Hadoop: The definitive guide?;;;;
NoSQL & AdHoc Queries - Millions of Rows;;;;
Can CouchDB handle 15 million records daily?;;;;
Why use NoSQL over Materialized Views?;;;;
"Firebase Database - the ""Fan Out"" technique";;;;
NoSQL databases that officially support MonoTouch;;;;
Is it too soon to use Couchbase Mobile?;;;;
how to create a persistent offline database with electron and pouchdb;;;;
When should I use AQL?;;;;
Is there a better database than Git (with serializable, immutable, versioned trees)?;;;;
I need an introduction to MongoDB/NoSQL Database [closed];;;;
"Are there any ""gotchas"" in deploying a Cassandra cluster to a set of Linode VPS instances?";;;;
How to deploy changes to a Cassandra CQL schema;;;;
CosmosDB - DocumentDB - Bulk insert without saturating collection RU;;;;
How do you handle relations in a NoSQL database?;;;;
MongoDB - children and parent structure;;;;
Backup neo4j community edition offline in unix: mac or linux;;;;
mongorestore syntax error;;;;
How to see stored data in LiteDB-NoSQL;;;;
Reasons for Redis to slow down;;;;
What is the major difference between Redis and Membase?;;;;
Maximum number of databases in redis;;;;
Redis finding hashes by field values;;;;
is MongoDB and Ldap the same concept?;;;;
Inserting None values into DynamoDB using Boto;;;;
Get aggregate sum of json array in Postgres NOSQL json data;;;;
Which database to choose (Cassandra, MongoDB, ?) for storing and querying event / log / metrics data?;;;;
Removing many to many reference in Mongoose;;;;
Extremely high QPS - DynamoDB vs MongoDB vs other noSQL?;;;;
Distributed NoSQL database for Raspberry Pi with sharding and replication?;;;;
why is scaling writes to a relational database virtually impossible?;;;;
Master-less model in Cassandra vs master-slave model in MongoDB?;;;;
How does mongoDB actually work? [duplicate];;;;
Redis periodically stops responding on high load;;;;
Is it possible to work with OrientDB using C#?;;;;
What NoSQL database (categories) support versioning?;;;;
Most efficient way to save way points and do comparisons?;;;;
How does Amazon.com function with a key-value datastore?;;;;
Nested query not working in Cassandra;;;;
How do mongos instances work together in a cluster?;;;;
Hybrid DB System: NoSQL for data, SQL for relationships. Best Practice? [closed];;;;
Mix of MySQL and Mongodb in an application;;;;
Quick Sending of 4[GB] To Be Processed From 100 Machines?;;;;
Write-only collections in MongoDB;;;;
Is Cassandra suitable to use as a primary data store?;;;;
Composite Primary Key equivalent in Redis;;;;
Delphi and NoSQL;;;;
Removing multiple MongoDB documents in Python;;;;
Is NoSQL is suitable for Social Networking kind of applications;;;;
Firebase for complex query. A no go?;;;;
How do I run geospatial queries at scale with NoSQL?;;;;
What is the best api/library for Java to use Cassandra? [closed];;;;
How does Apache Cassandra do aggregate operations?;;;;
MongoDB C# Driver Unable to Find by Object ID?;;;;
How to store tree structures in Java?;;;;
MongoDB Concurrency Issue;;;;
How can I use AWS's Dynamo Db with Django?;;;;
What database for crawler/scraper?;;;;
NoSQL Schemaless data and statically typed language;;;;
Geo spatial index in mongodb with node.js;;;;
How to store the chat history in Django + Pusher? Is Tornado or Celery needed?;;;;
NoSQL for time series/logged instrument reading data that is also versioned;;;;
How would you implement twitter using a noSQL kind of DB?;;;;
When I remove rows in Cassandra I delete only columns not row keys;;;;
Redis, redis fatal error can't open config file;;;;
Embedded couchDB;;;;
Bulk update/upsert in MongoDB?;;;;
Schema-less design guidelines for Google App Engine Datastore and other NoSQL DBs;;;;
id autoincrement/sequence emulation with CassandraDB/MongoDB etc;;;;
Mongodb real basic use case;;;;
Need Advice: Is this a good use case for a 'NoSQL' Database? If so, which one?;;;;
"DynamoDB API: How can I build an ""add JSON attribute if not present"" update request?";;;;
Are there any design patterns for bitemporal NoSQL databases? [closed];;;;
Fastest way to update (populate) 1,000,000 records into a database using .NET;;;;
Designing HBase schema to best support specific queries;;;;
MongoDB + Web App: Database per user;;;;
HBase multiple column families performance;;;;
best db to store files;;;;
Design pattern for directed acyclic graphs in MongoDB;;;;
Suggest Cassandra data model for an existing schema;;;;
Is SQL Server support for JSON a replacement for NoSql solutions like MongoDB?;;;;
DynamoDB concurrent write;;;;
dynamically horizontal scalable key value store;;;;
Rock Mongo mongodb config settings;;;;
Titan vertex centric indices vs Neo4j labels;;;;
How to count records with one distinct field in mongoose?;;;;
What's the most efficient document-oriented database engine to store thousands of medium sized documents?;;;;
Mongodb aggregation by day based on unix timestamp;;;;
How does Cassandra scale horizontally ?;;;;
Are there any NoSQL standards emerging? [closed];;;;
SQL vs NoSQL for an inventory management system;;;;
Mongodb compass keeps on showing activating plugin;;;;
Elasticsearch document count returned by _stats versus _count;;;;
MongoDB to Java integration;;;;
What is the largest known Neo4j cluster?;;;;
MongoDB: can't convert from BSON type EOO to Date;;;;
Deleting Attribute in DynamoDB;;;;
Cassandra cli: Convert hex values into a human-readable format;;;;
Problems connecting to Cassandra pool from Spring application;;;;
How to do a join in Elasticsearch -- or at the Lucene level;;;;
Scale now or later?;;;;
MongoDB.Driver.Builders how to group and get average;;;;
storing time series in redis;;;;
Querying Multi Level Nested fields on Elastic Search;;;;
Counter Vs Int column in Cassandra?;;;;
How would you model customer > order > ordertem > product in NoSql database?;;;;
Cassandra-cli cant connect to remote cassandra server;;;;
Runtime changing model with mongodb/mongoid;;;;
nosql databases - what are these good for? [closed];;;;
Non-serializable object error while working on Memcache;;;;
MongoDB get server;;;;
Why using a common hash key with AWS DynamoDB is a bad thing?;;;;
How to Hybrid Mysql and MongoDB in Django;;;;
Can not find table using NoSQL Workbench for DynamoDB when connecting to DynamoDB Docker;;;;
Dynamodb updateitem only with global secondary index;;;;
"""uncap"" a capped MongoDB collection";;;;
Why you should not use nosql for financial transaction;;;;
What are the advantages of multiple column families in HBase?;;;;
How to query all subdocuments;;;;
MongoDB performance with growing data structure;;;;
Migrate data from relational DB to NoSQL;;;;
NoSQL or YesSQL;;;;
What data types does IndexedDb support?;;;;
Has LevelDB a max-length limit for keys?;;;;
"Neo4j Design: Property vs ""Node & Relationship""";;;;
Can SQL Server and Mongo be used together?;;;;
Query mongo on timestamp;;;;
HBase: how put/get knows which region server to write to?;;;;
Referential Data Integrity: Necessity, nice-to-have, or old hat?;;;;
What NoSQL solution is best to store Apache error_log and access_log? Cassandra or MongoDB?;;;;
Efficient way to store and query tree-like hierarchical data;;;;
Non-relational databases (NoSQL) for small to medium sized applications;;;;
How is redundant data avoided in non relational databases?;;;;
Firebase database schema;;;;
Does DynamoDB query that returns an empty result set consume any capacity?;;;;
How to generate mongodb object id for a sub-document on insert;;;;
Using an Increment counter for unique key generation in a Couchbase cluster;;;;
What's the best way to store/query multiple types within a RavenDB collection?;;;;
How is a Document based DB so fast?;;;;
file-based NoSql database?;;;;
Neo4j and django models;;;;
wordpress and node.js;;;;
Is there an emerging standard API for NoSQL Databases? [closed];;;;
parent->child relationships in appengine python (bigtable);;;;
Scalability of Using MySQL as a Key/Value Database;;;;
Best Database for Blog Application (Relational - SQL vs NoSQL);;;;
How do implement schema changes in a NOSQL storage system;;;;
NoSQL database with high read performances (write accesses are not significant)?;;;;
RavenDB ID prefix and REST API;;;;
Is there a reason that Cassandra doesn't have Geospatial support?;;;;
String or integer query in mongoDB for a single field;;;;
Mongo Db and Spring;;;;
Designing tables in Amazon dynamodb;;;;
Too many indexes in RavenDB;;;;
How to build a no install, client-side only, database web app;;;;
Should I go for document-based or graph database? (MongoDB vs Neo4j) [closed];;;;
Firebase vs Parse (What are actual examples of apps when Firebase is preferable?);;;;
NoSQL vs NewSQL [closed];;;;
How good is (and will be) Postgresql's Hstore compared to a document DB? [closed];;;;
Is there any reason not to use OrientDB? [closed];;;;
Select distinct rows from MongoDB;;;;
NodeJS Mongo - Mongoose - Dynamic collection name;;;;
What is NoSql? What is Purpose of NoSql? Where can i get sufficient material on NoSql?;;;;
Mongo DB relations between objects;;;;
Binning and tabulate (unique/count) in Mongo;;;;
Wildcards in Views with CouchDB?;;;;
Beginning Cassandra -- Use Kundera? Something else? [closed];;;;
Cassandra low performance?;;;;
MongoDb shell scripting;;;;
Cassandra: Only EQ and IN relation are supported on the partition key (unless you use the token() function);;;;
How to do a OR operation query in nodejs/MongoDB?;;;;
Relational vs Columnar and Document Databases - aren't they one in the same?;;;;
RavenDB Attachments - Functionality how to do?;;;;
Relationship between Hadoop and databases;;;;
NoSql or MySQL for Data Analytics;;;;
neo4j - graph database along with a relational database?;;;;
Querying in redis;;;;
Which NoSQL storage to choose;;;;
Chat message with Google Firebase Realtime Database architecture with Unread Message counter and Last Message;;;;
"How to create ""trigger"" in MongoDB";;;;
How to quickly fetch all documents MongoDB pymongo;;;;
What's read-before-write in NoSQL?;;;;
Sorting Dates in CouchDB Views;;;;
Why canâ€™t I catch certain exceptions in a MarkLogic request?;;;;
StackExchange.Redis how to query all keys only on one db;;;;
Redis: Get all score available for a sorted set;;;;
StarCounter and CAP;;;;
Redis returns an error when attempting to save;;;;
NoSQL vs. Relational Databases vs. Possible Hybrid;;;;
When to use NoSql, and which one? [closed];;;;
Storing Likes in a Non-Relational Database;;;;
Row key in Cassandra;;;;
Using Cassandra for OLAP;;;;
How to fetch more than 100 records from azure cosmos db using query;;;;
What is the optimal way to model one-to-many relationships in Cassandra?;;;;
Unable to convert range key value for property;;;;
Get a document in MongoDB without specifying collection;;;;
Object vs Document Storage (Databases) = Difference (nosql)?;;;;
Mongodb Aggregation $group, $sum and $sort;;;;
CouchDB Views: How much processing is acceptable in map reduce?;;;;
Opening and closing 16000 Mongo DB instances in PHP;;;;
How to create a schema the mongo/nosql way;;;;
Searching by key in Apache CouchDB;;;;
Cassandra rack concept and database structure;;;;
MySQL to Redis - Import and Model;;;;
Column family stores vs document stores;;;;
how much data can i store per node in Neo4j;;;;
Fetching Cassandra row keys;;;;
Cassandra table synchronization;;;;
How to get a recordid from OrientDB on insert?;;;;
Best Database for remote sensor data logging;;;;
How to store comments in NoSQL (MongoDB)?;;;;
MongoDB historical data storage - best practice?;;;;
Node.js: How Many Redis Clients?;;;;
How does HBase guarantee row level atomicity?;;;;
Html5 local datastore, and sync across devices;;;;
Mongo schema: Todo-list with groups;;;;
MongodDB $pull only one element from array [duplicate];;;;
Comparing versions in MongoDB;;;;
MongoDB beginner - to normalize or not to normalize?;;;;
Multi-Criteria search with CouchDB;;;;
Best NoSQL DB for .NET to store a lot of minute by minute statistics with time index?;;;;
How to start with NOSQL using .net programming languages?;;;;
Advanced queries in HBase;;;;
Best way to structure my mongoose schema: embedded array , populate, subdocument?;;;;
HBase - rowkey basics;;;;
What are NoSql Key/Value databases used for;;;;
what nosql databases are available for azure;;;;
Tracking User activity log - SQL vs NoSQL?;;;;
Large Data Sets - NoSQL, NewSQL, SQL..? Brain Fried;;;;
Fastest and stable non-sql database? [closed];;;;
converting rdms like instagram to firebase nosql;;;;
How Cassandra pagination behaves on concurrent inserts;;;;
Recommendations for MongoDB schema design;;;;
Query MongoDB for ordered distinct values;;;;
How scalable are automatic secondary indexes in Cassandra 0.7?;;;;
HBase: what is NotServingRegionException?;;;;
The best NoSQL solution for logging;;;;
How to query Cassandra by date range;;;;
python solutions for managing scientific data dependency graph by specification values;;;;
Neo4j replication alternative to Neo4j Enterprise edition?;;;;
MongoDB Map/Reduce Array aggregation question;;;;
When using an object database, how do you handle significant changes to your object model?;;;;
Dedicated faceted search engine for dealing with dynamic taxonomies - helps just with performance or also flexibilty?;;;;
Cloud Firestore and data modeling: From RDBMS to No-SQL;;;;
How do you control user access to records in a key-value database?;;;;
Should users be directed to specific data nodes when using an eventually consistent datastore?;;;;
Are there any general patterns for designing classes for schemaless databases in .NET?;;;;
No-SQL (Cassandra) data modelling of user data;;;;
"What would be the best way to implement ""Tag"" feature with firebase database?";;;;
Custom Field Design with C# and RavenDB;;;;
How to achieve localisation with NoSQL;;;;
Mongos authentication;;;;
Best (NoSQL?) DB for small docs/records, unchanging data, lots of writes, quick reads?;;;;
Is there a Comparison of NoSQL Solutions (Which is better in certain situations?) [closed];;;;
Simple SD card compatible database / NoSql solution for Windows Phone 8;;;;
Many to Many with Mongoose;;;;
Why are relational databases unsuitable for unstructured data?;;;;
To CouchDB or not to?;;;;
Elastic search alphabetical sorting based on first character;;;;
What is HBase compaction-queue-size at all?;;;;
MongoDB extracting values from BasicDBObject (Java);;;;
mongodb not using indexes;;;;
Polymorphism in databases;;;;
AWS Dynamodb: Is it possible to make a query only using sort key;;;;
Neo4j instead of relational database;;;;
How to validate presence and regex format in rails controller?;;;;
Is it possible to implement Multi-Version Concurrency Control (MVCC) on top of MongoDB?;;;;
MongoDB group with multiple id;;;;
How could a distributed queue-like-thing be implemented on top of a RBDMS or NOSQL datastore or other messaging system (e.g., rabbitmq)?;;;;
where can i download pymongo in 64bit ubuntu/linux;;;;
GET Consistency (and Quorum) in ElasticSearch;;;;
Cassandra SSTables and Compaction;;;;
Sharding vs DFS;;;;
NoSQL databases - good candidates for log processing/aggregation and rollup? [closed];;;;
Keeping track of ids in NOSQL db (firebase);;;;
Getting CoreMongooseArray instead of normal array;;;;
Should I be using mySQL or MongoDB [closed];;;;
DocumentDB / CosmosDB - Entity with the specified id does not exist in the system;;;;
Retrieving data from Firebase Realtime Database in Android;;;;
How can I change/define default database of Mongodb in Spring-data?;;;;
When is a graph database (like Neo4j) not a good use? [closed];;;;
Should I treat Couchbase bucket as table, or more like a schema;;;;
realtime querying/aggregating millions of records - hadoop? hbase? cassandra?;;;;
Membase vs. Cassandra?;;;;
Why we require Apache Kafka with NoSQL databases?;;;;
Why Cassandra is used for Kong Api Gateway;;;;
Does the CAP theorem imply that ACID is not possible for distributed databases?;;;;
mongo db design of following and feeds, where should I embed?;;;;
Couchbase connection timeout with Java SDK;;;;
ElasticSearch or Couchbase or something else;;;;
DB solution for user activity feed;;;;
Need help conceptualizing in Redis/NoSQL;;;;
Best NoSQL approach to handle 100+ million records;;;;
MongoDB or CouchDB as database for mobile devices?;;;;
Where does Big Data go and how is it stored?;;;;
How do I retrieve table names in Cassandra using Java?;;;;
How to represent a two ways relationship in a Firebase JSON tree?;;;;
How to increment MongoDB document object fields inside an array;;;;
Querying Nested List Existence in Mongo;;;;
Why does MongoDB perform better with multi-threaded client compared to a single threaded client?;;;;
Are there any specialized databases for aggregate queries?;;;;
Warning on starting cqlsh;;;;
Aerospike: keep data as blob or use 'bins'?;;;;
Redis/Jedis no single point of failure and automated failover;;;;
NoSQL or RDBMS for audit data;;;;
How to store GPS coordinate and search places in a radius from a NoSQL DBMS (like DynamoDB);;;;
Shifting from SQL to NoSQL and to which DB?;;;;
'AVG' and 'SUM' functionality in MongoDB, any tips?;;;;
Document updates using mongo-ruby-driver?;;;;
Is it better to store nested data or use flat structure with unique names in JSON?;;;;
what would be a good database schema for an extremely simple chat in NoSQL?;;;;
As redis keeps data in memory, what can be the maximum size of data stored in Redis;;;;
Database level lock on mongodb?;;;;
Apache Cassandra. Advantage and disadvantage of Secondary Index;;;;
MongoDB Aggregation as slow as MapReduce?;;;;
How to cap a leaderboard in Redis to only N elements?;;;;
Book recommendation on distributed computing concepts used in Cassandra [closed];;;;
How to do a basic sort in DynamoDb?;;;;
Cassandra LOCAL_QUORUM;;;;
Is Cassandra a Key value store or wide column store?;;;;
ArangoDB: (1 Graph with several Edge Definition) Vs (1 Edge Definition per Graph);;;;
ORDER BY with 2ndary indexes is not supported;;;;
Which php frameworks would be best to work with NoSQL database like Cassandra? [closed];;;;
Cost of continuous replications vs one-shot replications (using TouchDB and Cloudant);;;;
Count the number of matching rows for high magnitude counts (100,000+);;;;
CouchDB Group Level and Key Range;;;;
SQL table to nosql (MongoDB) - easy example;;;;
Best data store solution for small mathematical data but fast and with aggregate functions;;;;
How much data per node in Cassandra cluster?;;;;
storing binary data on cassandra just like MYSQL BLOB binary;;;;
Looking for a NoSQL DB with JTA support [closed];;;;
Where can I find information about NOSQL implementation patterns?;;;;
Firestore Query - One to Many Relationship;;;;
Is 'column-adding' (schema modification) a key advantage of a NoSQL (mongodb) database over a RDBMS like MySQL [closed];;;;
Efficient NoSQL modeling in Google App Engine Datastore;;;;
Difference between a graph and a hypergraph database?;;;;
Which clustered NoSQL DB for a Message Storing purpose?;;;;
Is there a way to force mongodb to store certain index in ram?;;;;
RavenDb QueryYourWrites and Map/Reduce indexes;;;;
Database selection for a web-scale analytics application;;;;
Can I expect a significant performance boost by moving a large key value store from MySQL to a NoSQL DB?;;;;
Correct way of creating a realtime application with Cassandra;;;;
Get status of a task Elasticsearch for a long running update query;;;;
Mongodb aggregate three collections;;;;
MongoDb replacing a document and inserting when non-existant;;;;
SQL vs NoSQL for data that will be presented to a user after multiple filters have been added;;;;
RDBMS vs NoSQL for CRM, CMS and other financial Systems [closed];;;;
RavenDb Index field attributes;;;;
Couchbase data modelling - Document oriented;;;;
Combining noSQL and ORM in an MVC framework for a real-case application;;;;
Is it possible to use RDF storage also as a document-oriented database?;;;;
Cross-platform embedded database/key-value store for C#;;;;
How can I store JSON data on Azure Websites?;;;;
Mongoose: Suggested database schema;;;;
Nosql many-to-many;;;;
Serializiation with Protocol Buffers in a Schemaless Database;;;;
How to query AWS DynamoDB using multiple Indexes?;;;;
Basic mongodb theory;;;;
ActiveRecord and NoSQL;;;;
what is the best way to create document inside collection in MongoDB;;;;
Is there a plan for Django to handle NoSQL databases natively? [closed];;;;
SQL NOSQL mix possible or not?;;;;
NoSQL with analytic functions;;;;
Kyoto Cabinet / Berkeley DBÂ : Hash table size limitations;;;;
Full-text search on MongoDB GridFS?;;;;
MongoDB embedded documents vs. referencing by unique ObjectIds for a system user profile;;;;
CouchDB / NoSQL and Domain Driven Design?;;;;
How to speed up a Cosmos DB aggregate query?;;;;
Is it good practice to have multiple keyspaces in Cassandra?;;;;
R Shiny in Memory Application or noSQL;;;;
Large MySql table putting too much load on server;;;;
Can I search across collections in MongoDB?;;;;
Updating an existing document field without losing old document Data in Couch DB;;;;
Doc not found/missing after being inserted in couchdb database;;;;
What's a good way to structure a 100M record table for fast ad-hoc queries?;;;;
Cassandra Client API Most Similar to App Engine Datastore API?;;;;
How to model a Firebase Database in UML diagrams?;;;;
Firestore data structure for a hotel reservation system;;;;
Amazon DynamoDB Overloaded Global Secondary Indexes - Am I Doing it Right?;;;;
Caching EAV data - XML or NoSQL / MongoDB?;;;;
Which noSQL database is best for high volume inserts / writes?;;;;
Difference between graph database: Neo4j & AllegroGraph;;;;
What are some real use cases for going with a NoSQL Document Store db?;;;;
DynamoDB adjacency list primary key;;;;
Schema for music lists + playlists web app;;;;
mongo db - schema for implementing like feature in webapp;;;;
Group by data intervals;;;;
How to take the average of big data in MongoDB vs CouchDB?;;;;
Django Models / SQLAlchemy are bloated! Any truly Pythonic DB models out there?;;;;
what's the practical difference between google datastore nosql and google bigquery sql?;;;;
Doing range queries in Mongoose for Hour / Day / Month/ Year;;;;
Low write performance of Cassandra;;;;
MongoDB, Complex Queries, and Performance;;;;
cassandra:: can i create a table without a primarykey?;;;;
How to relate data in MongoDB?;;;;
MongoDB $slice (embedded array paging);;;;
RavenDB - querying issue - Stale results/indexes;;;;
DynamoDB pagination using Boto3;;;;
mongodb insert a new field into an array;;;;
Hamming Distance / Similarity searches in a database;;;;
MongoDB as the primary database?;;;;
Aerospike Design | Request Flow Internals | Resources;;;;
Tuning write performance in cassandra;;;;
Practical examples of MongoDB documents [closed];;;;
Rails: mixing NOSQL & SQL Databases;;;;
NoSQL DataBases [closed];;;;
couchdb - deleting revision;;;;
How to create TTL Index on long timestamp in MongoDB;;;;
How to read data from Mongodb which have duplicate element name in c#;;;;
Retrieve data in Firebase exactly once;;;;
Bigtable / HBase: Rich column family vs a single JSON Object;;;;
Embedded Java key-value storage [closed];;;;
MongoDB - Materialized View/OLAP Style Aggregation and Performance;;;;
DynamoDB for PHP sessions;;;;
What NoSQL database to use as replacement for MySQL?;;;;
When using findOneAndUpdate(), how to leave fields as is if no value provided (instead of overwriting with null)?;;;;
When to use dynamoDB -UseCases;;;;
Simple retrofit2 request to a localhost server;;;;
Searching in Firebase without server side code;;;;
Single table inheritance, EAV or NoSQL?;;;;
In Hadoop, where can i change default url ports 50070 and 50030 for namenode and jobtracker webpages;;;;
Why can't I have a single Redis client acting as PUB and Sub in the same connection?;;;;
Fastest way to get the average of a specific field in MongoDB;;;;
what the best NoSQL solution for windows server?;;;;
Stored procedure in Neo4j;;;;
Couchbase Query Execution time?;;;;
Indexing using Redis sorted sets;;;;
Write heavy, replicated, bigger-than-memory key-value store;;;;
CouchBase 1.8 and 2.0 Erlang SDKs? Why is Erlang Left out;;;;
MongoEngine query list for objects having properties starting with prefixes specified in a list;;;;
What database would you use for logging (i.e. als logfile replacement);;;;
Differences between $project, $filter and $match in MongoDB;;;;
How do I query an array of dictionaries in MongoDB?;;;;
Choosing a NoSQL database for storing events in a CQRS designed application;;;;
How to read the cassandra nodetool histograms percentile and other columns?;;;;
Creating multiple GSIs by updateTable - DynamoDB;;;;
Which NoSQL Implementation is Most Appropriate?;;;;
How do I retrieve multiple types of entities using a single query to Azure Table Storage?;;;;
Mongo error when updating: cannot use the part to traverse the element [duplicate];;;;
How to select where sum of fields is greater than a value in MongoDB;;;;
Searching multiple strings in all fields in Elasticsearch using Java API;;;;
Firebase: How to match opponents in a game?;;;;
Do having multiple labels for a node in Neo4j make any sense?;;;;
Postgres and partial dates;;;;
Organisation of entity groups on Google App Engine for writing;;;;
WaitForNonStaleResults per DocumentStore;;;;
Use NoSql? And if yes how?;;;;
CouchDB or Mongo for very high update rates & volume?;;;;
Open source graph database;;;;
Handling sessions without ACID database?;;;;
What options are there for Free for commercial use NoSql Datastores for the .NET world? [closed];;;;
Is it possible to choose what should be the field to be return in DynamoDB?;;;;
Intersection of two or more sorted sets;;;;
mongo C# remove multiple records by id;;;;
Data Integrity importance when taking the NOSQL approach? [closed];;;;
Saving, organizing and querying products, options/tags and categories;;;;
Attempted conditional constraint is not an indexable operation;;;;
Ways to improve Cassandra read performance in my scenario;;;;
Cassandra - how to retrieve all keys in a CF (Random Partitioner);;;;
How to avoid data loss on server failure with MongoDB on a single machine?;;;;
couchdb views tied between two databases?;;;;
Why is C in CAP theorem not same as C in ACID?;;;;
Comparison of NoSQL Databases for Java;;;;
Are there ORM (OKM) for key-value stores?;;;;
Is my idea for an object persistence library useful?;;;;
Difference between Google Cloud Firestore vs Google Cloud Spanner?;;;;
"I am trying to install MongoDB and I get this error ""Data directory C:\data\db\ not found., terminating""";;;;
Cassandra IN clause on index;;;;
combining two $elemMatch queries with AND boolean operator in MongoDB;;;;
Time to learn Cassandra/ MongoDB [closed];;;;
Alternatives to Azure Table Storage;;;;
Mongodb remove item from array;;;;
Fetch annotation in SDG 2.0, fetching strategy questions;;;;
How to store JSON to RavenDB?;;;;
What database is good enough for logging application?;;;;
Does the use of nosql (say mongodb) increase development productivity? [closed];;;;
Querying a child collection by multiple values in RavenDB;;;;
"Does a good framework for MongoDB ""schema"" upgrades in Scala exist?";;;;
Is there a database agnostic nosql framework for .NET?;;;;
Data storage advice needed: Best way to store location + time data?;;;;
Is there any concept of stored procedures in Cassandra?;;;;
Firebase - get elements by list of IDs;;;;
Mongodb database backup on windows;;;;
Best NoSQL for filtering on multiple indexes/fields;;;;
Is it possible to constraint edge multiplicity in Neo4j / OrientDB?;;;;
Cassandra Optimistic Locking;;;;
Does spring data mongodb supports manual referencing or it supports only DBrefs?;;;;
How to store dynamic fields in Mongo DB;;;;
How to Reverse Lookup in Redis?;;;;
Is it possible to use Querydsl without generated query types?;;;;
How to do user registration and authentication in PHP with ArangoDB?;;;;
Cassandra CompositeType;;;;
How to automatically kill slow MongoDB queries?;;;;
What would be a good solution to storing change history of objects?;;;;